Workbook

Sheet Sheet1
A1: ID | B1: 姓名 | C1: 性别 | D1: 世代 | E1: 分堂 | F1: 父亲ID | G1: 父亲姓名 | H1: 母亲ID | I1: 母亲姓名 | J1: 居住地 | K1: 墓葬地 | L1: 寿命 | M1: 出生日期 | N1: 出生朝代 | O1: 出生干支 | P1: 生肖 | Q1: 逝世日期 | R1: 逝世朝代 | S1: 逝世干支 | T1: 配偶ID | U1: 配偶姓名 | V1: 女婿ID | W1: 女婿姓名 | X1: 荣誉 | Y1: 功名 | Z1: 官职 | AA1: 个人详情
A2: M000001 | B2: 公瑾 | C2: 男 | D2: 1 | E2: 中和堂 | J2: 吉州 | K2: 东西塘岗背大埝 | Q2: 999.1.1 | R2: 北宋宋真宗咸平二年 | S2: 己亥年元月初一 | T2: M000001W01 | U2: 王氏 | X2: 基祖 | Z2: 怀远将军 | AA2: 公瑾 字友瑜，宋大宗太平兴国元年秋八月，擒宋德明等，以功为江南兵铃吉洲驻扎，咸平二年葬吉州西峯寺侧，后改葬东西塘岗背大埝，申山寅向，以弓剑实塚，故号弓剑塚。配王氏，子二：继隆、必渭。_x000D_ （古庐陵的东西塘，各个罗家家谱考证都在目前吉安市吉州区的长塘镇、曲濑镇一带。作为“临清罗氏”的一世祖开基地，这一带不仅是罗氏家族的祖源地，也承载着吉安典型的“庐陵文化”和“耕读文化”。阳先注）
A3: M000002 | B3: 继隆 | C3: 男 | D3: 2 | E3: 中和堂 | F3: M000001 | G3: 公瑾 | H3: =INDEX([1]妻子表!$A:$A,MATCH(F3,[1]妻子表!$B:$B,0)) -> M000001W01 | I3: =VLOOKUP(H3,[1]妻子表!$A:$D,4,0) -> 王氏 | J3: 陕西泾源 | Z3: 泾源节度使 | AA3: 继隆 字幼成，宋真宗天僖元年，以江东都统奉命收宗歌鬼章，留屯陕西拜泾源节度使，遂居于彼。
A4: M000003 | B4: 必渭 | C4: 男 | D4: 2 | E4: 中和堂 | F4: M000001 | G4: 公瑾 | H4: =INDEX([1]妻子表!$A:$A,MATCH(F4,[1]妻子表!$B:$B,0)) -> M000001W01 | I4: =VLOOKUP(H4,[1]妻子表!$A:$D,4,0) -> 王氏 | J4: 东西塘 | K4: 答田社山樟树下 | T4: M000003W01 | U4: 王氏 | AA4: 必渭 字季哲，天圣二年（公元1024年），因父墓改葬东西塘，遂家于此。配王氏。葬答田社山樟树下。子一：一襄。
A5: M000004 | B5: 一襄 | C5: 男 | D5: 3 | E5: 中和堂 | F5: M000003 | G5: 必渭 | H5: =INDEX([1]妻子表!$A:$A,MATCH(F5,[1]妻子表!$B:$B,0)) -> M000003W01 | I5: =VLOOKUP(H5,[1]妻子表!$A:$D,4,0) -> 王氏 | J5: 东西塘 | K5: 后园樟树下 | Q5: 1072.1.1 | R5: 北宋宋神宗熙宁五年 | S5: 壬子年元月初一 | T5: M000004W01,M000004W02 | U5: 王氏_x000D_ 邬氏 | AA5: 一襄 字群谟，殁于熙宁五年，配王氏。葬后园樟树下。复配邬氏，子三：重荣、重美、重昌。
A6: M000005 | B6: 重荣 | C6: 男 | D6: 4 | E6: 中和堂 | F6: M000004 | G6: 一襄 | H6: =INDEX([1]妻子表!$A:$A,MATCH(F6,[1]妻子表!$B:$B,0)) -> M000004W01 | I6: =VLOOKUP(H6,[1]妻子表!$A:$D,4,0) -> 王氏 | J6: 东西塘 | Q6: 1095.1.1 | R6: 北宋宋哲宗绍圣二年 | S6: 乙亥年元月初一 | T6: M000005W01,M000005W02,M000005W03 | U6: 王氏_x000D_ 陈氏_x000D_ 王氏 | AA6: 重荣 字纯仁，殁绍圣二年。配王氏，葬王家山，艮山坤向；继配陈氏，葬小溪边；配王氏，葬南家门。子二：宗彦、宗固。
A7: M000006 | B7: 重美 | C7: 男 | D7: 4 | E7: 中和堂 | F7: M000004 | G7: 一襄 | H7: =INDEX([1]妻子表!$A:$A,MATCH(F7,[1]妻子表!$B:$B,0)) -> M000004W01 | I7: =VLOOKUP(H7,[1]妻子表!$A:$D,4,0) -> 王氏 | J7: 东西塘
A8: M000007 | B8: 重昌 | C8: 男 | D8: 4 | E8: 中和堂 | F8: M000004 | G8: 一襄 | H8: =INDEX([1]妻子表!$A:$A,MATCH(F8,[1]妻子表!$B:$B,0)) -> M000004W01 | I8: =VLOOKUP(H8,[1]妻子表!$A:$D,4,0) -> 王氏 | J8: 东西塘 | AA8: 重昌 仍共居东西塘，其后俱未兴系。
A9: M000008 | B9: 宗彦 | C9: 男 | D9: 5 | E9: 中和堂 | F9: M000005 | G9: 重荣 | H9: =INDEX([1]妻子表!$A:$A,MATCH(F9,[1]妻子表!$B:$B,0)) -> M000005W01 | I9: =VLOOKUP(H9,[1]妻子表!$A:$D,4,0) -> 王氏 | J9: 东西塘 | Q9: 1122.1.1 | R9: 北宋宋徽宗宣和四年 | S9: 壬寅年元月初一 | T9: M000008W01,M000008W02,M000008W03,M000008W04,M000008W05 | U9: 王氏_x000D_ 刘氏_x000D_ 王氏_x000D_ 王氏_x000D_ 欧阳氏 | AA9: 字俊臣，殁宜和四年。元配王氏，葬河塘，艮山坤向；次配荷山刘氏，葬姑婆山东山申；三配王氏；四配王氏，葬东塘下；五配欧阳氏。子二：中成、中立。
A10: M000009 | B10: 宗固 | C10: 男 | D10: 5 | E10: 中和堂 | F10: M000005 | G10: 重荣 | H10: =INDEX([1]妻子表!$A:$A,MATCH(F10,[1]妻子表!$B:$B,0)) -> M000005W01 | I10: =VLOOKUP(H10,[1]妻子表!$A:$D,4,0) -> 王氏 | J10: 东西塘 | AA10: 宗固 仍居东西塘，其后未兴系。
A11: M000010 | B11: 中成 | C11: 男 | D11: 6 | E11: 中和堂 | F11: M000008 | G11: 宗彦 | H11: =INDEX([1]妻子表!$A:$A,MATCH(F11,[1]妻子表!$B:$B,0)) -> M000008W01 | I11: =VLOOKUP(H11,[1]妻子表!$A:$D,4,0) -> 王氏 | J11: 东西塘 | K11: 田南 | T11: M000010W01 | U11: 彭氏 | AA11: 字子美，殁葬田南，配丰塘彭氏。子三：惠迪，惠怀、惠民。
A12: M000011 | B12: 中立 | C12: 男 | D12: 6 | E12: 中和堂 | F12: M000008 | G12: 宗彦 | H12: =INDEX([1]妻子表!$A:$A,MATCH(F12,[1]妻子表!$B:$B,0)) -> M000008W01 | I12: =VLOOKUP(H12,[1]妻子表!$A:$D,4,0) -> 王氏 | J12: 东西塘 | AA12: 仍 居东西塘，其后未兴系。
A13: M000012 | B13: 惠迪 | C13: 男 | D13: 7 | E13: 中和堂 | F13: M000010 | G13: 中成 | H13: =INDEX([1]妻子表!$A:$A,MATCH(F13,[1]妻子表!$B:$B,0)) -> M000010W01 | I13: =VLOOKUP(H13,[1]妻子表!$A:$D,4,0) -> 彭氏 | J13: 东西塘 | K13: 沙江 | L13: 82 | M13: 1104.1.1 | N13: 北宋宋徽宗崇宁三年 | O13: 甲申年元月初一 | P13: 猴 | Q13: 1186.5.29 | R13: 南宋宋孝宗淳熙十三年 | S13: 丙午年五月廿九 | T13: M000012W01,M000012W02 | U13: 王氏_x000D_ 李氏 | Z13: 迪功郎 | AA13: 字长吉，甲辰庆典迪功郎致仕，寿八十，殁丙午年五月二十九日。配王氏，合葬沙江。续配彭田李氏，殁葬池墓。子二：世显、世修。（阳先注：南宋大文豪杨万里是吉水人，与惠迪公是同时代，杨的《長慶寺十八羅漢記 / 誠齋集》中就记载了惠迪公的事迹，而长庆寺旧址区域就在吉州区长塘镇附近，也是我罗氏家族集聚地东西塘的核心区域。在各种罗家家谱记载中，常录有在长庆寺相关的活动。迪功郎是一个虚衔，但也有资格做到主簿、尉、司户参军等类似的基层官职）
A14: M000013 | B14: 惠怀 | C14: 男 | D14: 7 | E14: 中和堂 | F14: M000010 | G14: 中成 | H14: =INDEX([1]妻子表!$A:$A,MATCH(F14,[1]妻子表!$B:$B,0)) -> M000010W01 | I14: =VLOOKUP(H14,[1]妻子表!$A:$D,4,0) -> 彭氏 | J14: 东西塘
A15: M000014 | B15: 惠民 | C15: 男 | D15: 7 | E15: 中和堂 | F15: M000010 | G15: 中成 | H15: =INDEX([1]妻子表!$A:$A,MATCH(F15,[1]妻子表!$B:$B,0)) -> M000010W01 | I15: =VLOOKUP(H15,[1]妻子表!$A:$D,4,0) -> 彭氏 | J15: 东西塘 | AA15: 惠民 仍共居东西塘，其后俱未兴系。
A16: M000015 | B16: 世显 | C16: 男 | D16: 8 | E16: 中和堂 | F16: M000012 | G16: 惠迪 | H16: =INDEX([1]妻子表!$A:$A,MATCH(F16,[1]妻子表!$B:$B,0)) -> M000012W01 | I16: =VLOOKUP(H16,[1]妻子表!$A:$D,4,0) -> 王氏 | J16: 东西塘 | K16: 大田 | T16: M000015W01 | U16: 王氏 | AA16: 世显 字周卿，殁葬大田，乙山辛向。配什乡王氏，子一：逢辰。
A17: M000016 | B17: 世修 | C17: 男 | D17: 8 | E17: 中和堂 | F17: M000012 | G17: 惠迪 | H17: =INDEX([1]妻子表!$A:$A,MATCH(F17,[1]妻子表!$B:$B,0)) -> M000012W01 | I17: =VLOOKUP(H17,[1]妻子表!$A:$D,4,0) -> 王氏 | J17: 东西塘 | AA17: 世修 仍君东西塘，其后未兴系。
A18: M000017 | B18: 逢辰 | C18: 男 | D18: 9 | E18: 中和堂 | F18: M000015 | G18: 世显 | H18: =INDEX([1]妻子表!$A:$A,MATCH(F18,[1]妻子表!$B:$B,0)) -> M000015W01 | I18: =VLOOKUP(H18,[1]妻子表!$A:$D,4,0) -> 王氏 | J18: 东西塘 | K18: 西村才坑 | Q18: 1240.8.25 | R18: 南宋宋理宗嘉熙四年 | S18: 庚子年八月廿五 | T18: M000017W01 | U18: 李氏 | AA18: 逢辰 字梦良，殁庚子八月二十五日，葬西村才坑。配彭田李氏，子一：宏仁。
A19: M000018 | B19: 宏仁 | C19: 男 | D19: 10 | E19: 中和堂 | F19: M000017 | G19: 逢辰 | H19: =INDEX([1]妻子表!$A:$A,MATCH(F19,[1]妻子表!$B:$B,0)) -> M000017W01 | I19: =VLOOKUP(H19,[1]妻子表!$A:$D,4,0) -> 李氏 | J19: 东西塘 | T19: M000018W01 | U19: 李氏 | AA19: 宏仁 字正己，配李氏。子四：浩然、涣然、渊然、沛然。
A20: M000019 | B20: 浩然 | C20: 男 | D20: 11 | E20: 中和堂 | F20: M000018 | G20: 宏仁 | H20: =INDEX([1]妻子表!$A:$A,MATCH(F20,[1]妻子表!$B:$B,0)) -> M000018W01 | I20: =VLOOKUP(H20,[1]妻子表!$A:$D,4,0) -> 李氏 | J20: 东西塘
A21: M000020 | B21: 涣然 | C21: 男 | D21: 11 | E21: 中和堂 | F21: M000018 | G21: 宏仁 | H21: =INDEX([1]妻子表!$A:$A,MATCH(F21,[1]妻子表!$B:$B,0)) -> M000018W01 | I21: =VLOOKUP(H21,[1]妻子表!$A:$D,4,0) -> 李氏 | J21: 安福县前 | T21: M000020W01 | U21: 彭氏 | X21: 安福基祖 | AA21: 涣然 由庐陵儒行乡东西塘徙居安福县前，是为安福基祖。配彭氏，子二：七郎、廷珍。（阳先注：庐陵儒行乡东西塘，儒行乡就是目前的吉州区桐坪镇、长塘镇、固江镇一带，目前桐坪镇山头村委会楼下村皆为罗姓，谱名《万卷楼》，我父亲与该村罗建永有联系。该村最接近历史上的东西塘旧址。安福县城铁冶巷）
A22: M000021 | B22: 渊然 | C22: 男 | D22: 11 | E22: 中和堂 | F22: M000018 | G22: 宏仁 | H22: =INDEX([1]妻子表!$A:$A,MATCH(F22,[1]妻子表!$B:$B,0)) -> M000018W01 | I22: =VLOOKUP(H22,[1]妻子表!$A:$D,4,0) -> 李氏 | J22: 安福
A23: M000022 | B23: 沛然 | C23: 男 | D23: 11 | E23: 中和堂 | F23: M000018 | G23: 宏仁 | H23: =INDEX([1]妻子表!$A:$A,MATCH(F23,[1]妻子表!$B:$B,0)) -> M000018W01 | I23: =VLOOKUP(H23,[1]妻子表!$A:$D,4,0) -> 李氏 | J23: 安福
A24: M000023 | B24: 七郎 | C24: 男 | D24: 12 | E24: 中和堂 | F24: M000020 | G24: 涣然 | H24: =INDEX([1]妻子表!$A:$A,MATCH(F24,[1]妻子表!$B:$B,0)) -> M000020W01 | I24: =VLOOKUP(H24,[1]妻子表!$A:$D,4,0) -> 彭氏 | J24: 安福
A25: M000024 | B25: 廷珍 | C25: 男 | D25: 12 | E25: 中和堂 | F25: M000020 | G25: 涣然 | H25: =INDEX([1]妻子表!$A:$A,MATCH(F25,[1]妻子表!$B:$B,0)) -> M000020W01 | I25: =VLOOKUP(H25,[1]妻子表!$A:$D,4,0) -> 彭氏 | J25: 德州 | L25: 53 | M25: 1241.1.1 | N25: 南宋宋理宗淳祐元年 | O25: 辛丑年元月初一 | P25: 牛 | Q25: 1294.1.1 | R25: 元朝至元三十一年 | S25: 甲午年元月初一 | T25: M000024W01 | U25: 刘氏 | AA25: 生宋淳佑辛丑年，赘社州生宋淳佑辛丑年，赘社州刘氏，随外氏仕德州，殁元至元甲午年。子一：定。，随外氏仕德州，殁元至元甲午年。子一：定。
A26: M000025 | B26: 定 | C26: 男 | D26: 13 | E26: 中和堂 | F26: M000024 | G26: 廷珍 | H26: =INDEX([1]妻子表!$A:$A,MATCH(F26,[1]妻子表!$B:$B,0)) -> M000024W01 | I26: =VLOOKUP(H26,[1]妻子表!$A:$D,4,0) -> 周氏 | J26: 安福 | K26: 鱼形 | L26: 66 | M26: 1290.1.1 | N26: 元朝至元二十七年 | O26: 庚寅年元月初一 | P26: 虎 | Q26: 1356.1.1 | R26: 元朝至正十六年 | S26: 丙申年元月初一 | T26: M000025W01 | U26: 周氏 | AA26: 生元至元庚寅年，殁至正丙申年，葬义历马凉丘鱼形壬子山丙午向。配泥田周氏，同葬鱼形。子一：原。
A27: M000026 | B27: 原 | C27: 男 | D27: 14 | E27: 中和堂 | F27: M000025 | G27: 定 | H27: =INDEX([1]妻子表!$A:$A,MATCH(F27,[1]妻子表!$B:$B,0)) -> M000025W01 | I27: =VLOOKUP(H27,[1]妻子表!$A:$D,4,0) -> 周氏 | J27: 鹧湖 | K27: 荷叶盏金龟形 | L27: 42 | M27: 1334.1.1 | N27: 元朝元统二年 | O27: 甲戌年元月初一 | P27: 狗 | Q27: 1376.1.1 | R27: 明朝洪武九年 | S27: 丙辰年元月初一 | T27: M000026W01 | U27: 彭氏 | X27: 鹧湖基祖 | AA27: 生元至统甲戌年，赘义历鹧湖彭氏，遂家于此，是为鹧湖基祖，殁明洪武丙辰（1376年），葬荷叶盏金龟形亥山，巽巳向。配彭氏，生元至元戊寅年，殁明永乐丙戌（1406年），附葬鹧湖金龟形右。子四：佰玉、孟邦、仲邦、季邦。(鹧湖：现竹江乡圳上村）
A28: M000027 | B28: 佰玉 | C28: 男 | D28: 15 | E28: 中和堂 | F28: M000026 | G28: 原 | H28: =INDEX([1]妻子表!$A:$A,MATCH(F28,[1]妻子表!$B:$B,0)) -> M000026W01 | I28: =VLOOKUP(H28,[1]妻子表!$A:$D,4,0) -> 彭氏 | J28: 鹧湖
A29: M000028 | B29: 孟邦 | C29: 男 | D29: 15 | E29: 中和堂 | F29: M000026 | G29: 原 | H29: =INDEX([1]妻子表!$A:$A,MATCH(F29,[1]妻子表!$B:$B,0)) -> M000026W01 | I29: =VLOOKUP(H29,[1]妻子表!$A:$D,4,0) -> 彭氏 | J29: 鹧湖
A30: M000029 | B30: 仲邦 | C30: 男 | D30: 15 | E30: 中和堂 | F30: M000026 | G30: 原 | H30: =INDEX([1]妻子表!$A:$A,MATCH(F30,[1]妻子表!$B:$B,0)) -> M000026W01 | I30: =VLOOKUP(H30,[1]妻子表!$A:$D,4,0) -> 彭氏 | J30: 鹧湖 | T30: M000029W01 | U30: 朱氏 | AA30: 字继昌，配朱氏。子一：筮元。
A31: M000030 | B31: 季邦 | C31: 男 | D31: 15 | E31: 中和堂 | F31: M000026 | G31: 原 | H31: =INDEX([1]妻子表!$A:$A,MATCH(F31,[1]妻子表!$B:$B,0)) -> M000026W01 | I31: =VLOOKUP(H31,[1]妻子表!$A:$D,4,0) -> 彭氏 | J31: 鹧湖 | K31: 蒙岗山秀峰庵后狪形铃上穴 | L31: 86 | M31: 1375.10.1 | N31: 明朝洪武八年 | O31: 乙卯年十月初一 | P31: 兔 | Q31: 1461.1.1 | R31: 明朝天顺五年 | S31: 辛巳年元月初一 | T31: M000030W01,M000030W02 | U31: 戴氏_x000D_ 熊氏 | AA31: 季邦 字继仁，生明洪武乙卯（1375年）十月初一日，殁天顺辛巳（1461年），葬蒙岗山秀峰庵后狪形铃上穴卯乙山，西辛向。配书岗戴氏，生洪武戊午（1378年），殁永乐戊子（1408年），葬二都下田宝成寺后龟形癸丑山，丁未向。继配熊氏，无子，殁天顺戊寅（1458年），附葬戴氏之右。子二：明、斐佩。
A32: M000031 | B32: 筮元 | C32: 男 | D32: 16 | E32: 中和堂 | F32: M000029 | G32: 仲邦 | H32: =INDEX([1]妻子表!$A:$A,MATCH(F32,[1]妻子表!$B:$B,0)) -> M000029W01 | I32: =VLOOKUP(H32,[1]妻子表!$A:$D,4,0) -> 朱氏 | J32: 高州 | K32: 凤形 | L32: 67 | M32: 1414.4.3 | N32: 明朝永乐十二年 | O32: 甲午年四月初三 | P32: 马 | Q32: 1481.10.14 | R32: 明朝成化十七年 | S32: 辛丑年十月十四 | T32: M000031W01 | U32: 陈氏 | X32: _x000D_ 高洲基祖 | Y32: 邑庠生 | AA32: 字料随、治易经、邑庠生。由东乡鹧湖，徙居南乡三十六都高州，是为高洲基祖。生永乐十二年甲午（1414年）四月初三日，殁成化十七年辛丑（1481年）十月十四日，葬本里板背沙巢凤形，癸山丁向。配枣树下陈氏，生明永乐丙申（1416年）年七月二十三日，殁成化八年壬辰（1472年）十一月初五日，同葬凤形。子二：斗珠、正珠。（阳先注：邑庠生就是县学生员（秀才），暂时没有找到筮元公的史料。）
A33: M000032 | B33: 明 | C33: 男 | D33: 16 | E33: 中和堂 | F33: M000030 | G33: 季邦 | H33: =INDEX([1]妻子表!$A:$A,MATCH(F33,[1]妻子表!$B:$B,0)) -> M000030W01 | I33: =VLOOKUP(H33,[1]妻子表!$A:$D,4,0) -> 戴氏 | J33: 南京 | K33: 龟形 | L33: 84 | M33: 1401.11.24 | N33: 明朝建文三年 | O33: 辛巳年十一月廿四 | P33: 蛇 | Q33: 1485.8.12 | R33: 明朝成化二十一年 | S33: 乙巳年八月十二 | T33: M000032W01 | U33: 王氏 | Z33: 南京山东道监察御史(赠) | AA33: 字处约、号拙轩、以子贵，勅赠南京山东道监察御史，生明洪武辛巳（1401年）十一月二十四日，殁成化乙巳（1485年）八月十二日，葬北乡二都下田宝成寺后龟形，丑艮山未坤向。配冷溪王氏，以子贵，勅赠孺人，生永乐丙戌（1406年）十月十二日，殁宏治乙卯（1495年）五月初二日，同葬龟形。子一：善。（阳先注：勅赠南京山东道监察御史，这是一个官不大但权大的官职，勅赠表示儿子善公立了功劳，追封先父的官职）
A34: M000033 | B34: 斐佩 | C34: 男 | D34: 16 | E34: 中和堂 | F34: M000030 | G34: 季邦 | H34: =INDEX([1]妻子表!$A:$A,MATCH(F34,[1]妻子表!$B:$B,0)) -> M000030W01 | I34: =VLOOKUP(H34,[1]妻子表!$A:$D,4,0) -> 戴氏 | J34: 鹧湖 | AA34: 子三，居鹧湖，世系未详。
A35: M000034 | B35: 斗珠 | C35: 男 | D35: 17 | E35: 中和堂 | F35: M000031 | G35: 筮元 | H35: =INDEX([1]妻子表!$A:$A,MATCH(F35,[1]妻子表!$B:$B,0)) -> M000031W01 | I35: =VLOOKUP(H35,[1]妻子表!$A:$D,4,0) -> 陈氏 | J35: 高州 | K35: 板背沙巢凤形 | M35: 1442.2.1 | N35: 明朝正统七年 | O35: 壬戌年二月初一 | P35: 狗 | T35: M000034W01 | U35: 曾氏 | AA35: 字显堂，生明正统七年壬戌（1442年）二月初一日，殁葬板背沙巢凤形。配曾氏，生明正统丙寅（1446年）三月初六日，殁葬凤形。子三：英、华、芬。
A36: M000035 | B36: 正珠 | C36: 男 | D36: 17 | E36: 中和堂 | F36: M000031 | G36: 筮元 | H36: =INDEX([1]妻子表!$A:$A,MATCH(F36,[1]妻子表!$B:$B,0)) -> M000031W01 | I36: =VLOOKUP(H36,[1]妻子表!$A:$D,4,0) -> 陈氏 | J36: 高州 | K36: 本里板背沙巢凤形 | M36: 1445.2.3 | N36: 明朝正统十年 | O36: 乙丑年二月初三 | P36: 牛 | T36: M000035W01 | U36: 刘氏 | AA36: 字焕堂，生正统乙丑（1445年）二月初三日，殁。配刘氏，同葬本里板背沙巢凤形，癸山丁向。子一、芃。
A37: M000036 | B37: 善 | C37: 男 | D37: 17 | E37: 中和堂 | F37: M000032 | G37: 明 | H37: =INDEX([1]妻子表!$A:$A,MATCH(F37,[1]妻子表!$B:$B,0)) -> M000032W01 | I37: =VLOOKUP(H37,[1]妻子表!$A:$D,4,0) -> 王氏 | J37: 北乡 | K37: 义历鱼形 | L37: 92 | M37: 1449.8.5 | N37: 明朝正统十四年 | O37: 己巳年八月初五 | P37: 蛇 | Q37: 1541.10.8 | R37: 明朝嘉靖二十年 | S37: 辛丑年十月初八 | T37: M000036W01 | U37: 史氏 | Y37: 进士 | Z37: 南京山东道监察御史; 福建按察佥事; 云南副使 | AA37: 字复之、号克庵、治易经，中宏治己酉年乡试，己未中伦文叙榜进士，任南京山东道监察御史，升福建按察佥事、云南副使，乐恬退引疾乞致仕奉。诏进阶一级，生正统己巳（1449元）八月初五时，殁嘉靖辛丑（1541年）十月初八日，崇祀郡邑乡贤，葬义历鱼形，壬山丙向。配史氏，生己巳（1449年）三月初二日以夫贵，勅封孺人，殁嘉靖甲申（1524年）四月二十日，葬北乡二都宝成寺前大陂龙形乙辰山，辛戌向。子二：日谦、日让。_x000D_ （阳先注：这应当是我们祖上做官做的最大的，明朝中期弘治十二年，中伦文叙榜进士（殿试二甲第 15 名，赐进士出身），也就是说当年的状元是著名的伦文叙，这人是广东人引以为傲的状元，善公是进士。善公做过南京山东道监察御史、福建按察佥事（后任汀漳兵备佥事），进云南按察副使（四品），连他先父也被追封了官，还和刘瑾斗过。_x000D_ 姓名：罗善_x000D_ 字：复之_x000D_ 号：克庵_x000D_ 籍贯：江西吉安府安福县_x000D_ 出身：治《易经》（科举专攻《周易》）_x000D_ 生卒：甲戌年（1454 年）八月初五生，年九十余卒_x000D_ 二、科举履历_x000D_ 弘治二年己酉（1489 年）：中江西乡试（举人）_x000D_ 弘治十二年己未（1499 年）：中伦文叙榜进士（殿试二甲第 15 名，赐进士出身）_x000D_ 三、仕宦经历（与你所述一致）_x000D_ 南京山东道监察御史_x000D_ 任上以刚直、纠劾著称。_x000D_ 升福建按察佥事（后任汀漳兵备佥事）_x000D_ 时宦官刘瑾专权，地方官上任多入都谢恩，罗善独不往_x000D_ 携二僮赴任，裁省供亿、整饬兵备、剿寇有功_x000D_ 改陕西按察佥事_x000D_ 刘瑾葬父于马嵬坡，百官致祭，罗善独不顾而去，瑾恨之未发而败_x000D_ 进云南按察副使（兵备副使）_x000D_ 当道连章举荐，但他淡于名利，引疾乞休_x000D_ 致仕（退休）_x000D_ 归乡后萧然一室、终日凝定_x000D_ 每月朔望，率子孙讲《小学》、考论品行、惩戒不肖_x000D_ 四、历史评价_x000D_ 品行：性孝友、宽和博学，为官清廉刚正、不附权贵_x000D_ 学术：深于《易》，为诸生时以孝弟廉耻教人_x000D_ 结局：高寿九十余，以清德终，为安福罗氏名宦
A38: M000037 | B38: 芄 | C38: 男 | D38: 18 | E38: 中和堂 | F38: M000035 | G38: 正珠 | H38: =INDEX([1]妻子表!$A:$A,MATCH(F38,[1]妻子表!$B:$B,0)) -> M000035W01 | I38: =VLOOKUP(H38,[1]妻子表!$A:$D,4,0) -> 刘氏 | J38: 安福 | K38: 对门岭犬形 | T38: M000037W01 | U38: 旷氏 | AA38: 字景荣，配本里旷氏，同葬对门岭犬形。子一：迅。
A39: M000038 | B39: 日谦 | C39: 男 | D39: 18 | E39: 中和堂 | F39: M000036 | G39: 善 | H39: =INDEX([1]妻子表!$A:$A,MATCH(F39,[1]妻子表!$B:$B,0)) -> M000036W01 | I39: =VLOOKUP(H39,[1]妻子表!$A:$D,4,0) -> 史氏 | J39: 安福 | K39: 大陂龙形 | L39: 68 | M39: 1477.8.11 | N39: 明朝成化十三年 | O39: 丁酉年八月十一 | P39: 鸡 | Q39: 1545.9.6 | R39: 明朝嘉靖二十四年 | S39: 乙巳年九月初六 | T39: M000038W01 | U39: 郭氏 | Y39: 贡生 | Z39: 浙江桐乡县主簿 | AA39: 字士亨、岁贡生，任浙江桐乡县主簿，生成化丁酉（1477年）八月十一日，殁嘉靖乙巳（1545年）九月初六日，葬枫田鲁石江边乌龟潭石榴峰莘夫公墓傍，乙山辛向。配塘东郭氏，生殁葬大陂龙形。子一：应真。
A40: M000039 | B40: 日让 | C40: 男 | D40: 18 | E40: 中和堂 | F40: M000036 | G40: 善 | H40: =INDEX([1]妻子表!$A:$A,MATCH(F40,[1]妻子表!$B:$B,0)) -> M000036W01 | I40: =VLOOKUP(H40,[1]妻子表!$A:$D,4,0) -> 史氏 | J40: 安福 | K40: 本里荷叶盏金龟形 | L40: 79 | M40: 1489.1.1 | N40: 明朝弘治二年 | O40: 己酉年元月初一 | P40: 鸡 | Q40: 1568.1.1 | R40: 明朝隆庆二年 | S40: 戊辰年元月初一 | T40: M000039W01,M000039W02 | U40: 谢氏_x000D_ 李氏 | Y40: 补国学生 | Z40: 福建水师营守备 | AA40: 日让 字以实、号虚白、治易补国学生，任福建水师营守备。生宏治己酉（1489年）五月初九日，殁隆庆戊辰（1568年）十二月初三日，葬枫田石榴峯。配辛里谢氏，续配李氏，殁葬本里荷叶盏金龟形。
A41: M000040 | B41: 迅 | C41: 男 | D41: 19 | E41: 中和堂 | F41: M000037 | G41: 芄 | H41: =INDEX([1]妻子表!$A:$A,MATCH(F41,[1]妻子表!$B:$B,0)) -> M000037W01 | I41: =VLOOKUP(H41,[1]妻子表!$A:$D,4,0) -> 旷氏 | J41: 安福 | T41: M000040W01 | U41: 王氏 | AA41: 迅 配王氏。
A42: M000041 | B42: 应真 | C42: 男 | D42: 19 | E42: 中和堂 | F42: M000038 | G42: 日谦 | H42: =INDEX([1]妻子表!$A:$A,MATCH(F42,[1]妻子表!$B:$B,0)) -> M000038W01 | I42: =VLOOKUP(H42,[1]妻子表!$A:$D,4,0) -> 郭氏 | J42: 安福 | K42: 庵坑里五雷闪电形 | T42: M000041W01 | AA42: 应真 配辛里谢氏，同葬庵坑里五雷闪电形。子一：宏道。
A43: M000042 | B43: 宏道 | C43: 男 | D43: 20 | E43: 中和堂 | F43: M000041 | G43: 应真 | H43: =INDEX([1]妻子表!$A:$A,MATCH(F43,[1]妻子表!$B:$B,0)) -> M000041W01 | I43: =VLOOKUP(H43,[1]妻子表!$A:$D,4,0) -> 谢氏 | J43: 安福 | K43: 北乡大陂龙形 | T43: M000042W01 | U43: 谢氏 | Y43: 邑庠生 | AA43: 宏道 邑庠生，殁葬北乡大陂龙形，配城田彭氏。
A44: M002036 | B44: 英 | C44: 男 | D44: 18 | E44: 明儒堂 | F44: M000034 | G44: 斗珠 | H44: =INDEX([1]妻子表!$A:$A,MATCH(F44,[1]妻子表!$B:$B,0)) -> M000034W01 | I44: =VLOOKUP(H44,[1]妻子表!$A:$D,4,0) -> 曾氏 | J44: 高洲 | K44: 人形中穴 | L44: 61 | M44: 1446.6.1 | N44: 明朝正统十一年 | O44: 丙寅年六月初一 | P44: 虎 | Q44: 1507.5.5 | R44: 明朝正德二年 | S44: 丁卯年五月初五 | T44: M002036W01 | U44: 谢氏 | X44: 明儒堂祖 | AA44: 字符信、号崇实、房名明儒堂。生正统丙寅（1446年）六月初一日。殁正德丁卯（1507年）五月初五日。葬人形中穴，午山子向。配谢氏，生正统丁卯（1447年）七月初四日，殁宏治乙丑（1505年）二月十五日，葬人形中穴。子二：闵溪、闵鉴。
A45: M002037 | B45: 闵溪 | C45: 男 | D45: 19 | E45: 明儒堂 | F45: M002036 | G45: 英 | H45: =INDEX([1]妻子表!$A:$A,MATCH(F45,[1]妻子表!$B:$B,0)) -> M002036W01 | I45: =VLOOKUP(H45,[1]妻子表!$A:$D,4,0) -> 谢氏 | J45: 高洲 | K45: 人形左边 | L45: 47 | M45: 1461.8.1 | N45: 明朝天顺五年 | O45: 辛巳年八月初一 | P45: 蛇 | Q45: 1508.2.24 | R45: 明朝正德三年 | S45: 戊辰年二月廿四 | T45: M002037W01 | U45: 李氏 | AA45: 字文川。生天顺辛巳（1461年）八月初一日。殁正德戊辰（1508年）二月二十四日。葬人形左边，午山子向。配李氏，生天顺辛巳（1461年）二月初七日，殁正德壬申（1512年）十一月二十五日，葬沈源龟形后山虎形。子二：春峒、冬峒。
A46: M002038 | B46: 闵鉴 | C46: 男 | D46: 19 | E46: 明儒堂 | F46: M002036 | G46: 英 | H46: =INDEX([1]妻子表!$A:$A,MATCH(F46,[1]妻子表!$B:$B,0)) -> M002036W01 | I46: =VLOOKUP(H46,[1]妻子表!$A:$D,4,0) -> 谢氏 | J46: 高洲 | M46: 1464.9.18 | N46: 明朝天顺八年 | O46: 甲申年九月十八 | P46: 猴 | T46: M002038W01 | AA46: 字文原。生天顺甲申（1464年）九月十八日。
A47: M002039 | B47: 春峒 | C47: 男 | D47: 20 | E47: 明儒堂 | F47: M002037 | G47: 闵溪 | H47: =INDEX([1]妻子表!$A:$A,MATCH(F47,[1]妻子表!$B:$B,0)) -> M002037W01 | I47: =VLOOKUP(H47,[1]妻子表!$A:$D,4,0) -> 李氏 | J47: 高洲 | K47: 分水垇月形 | L47: 45 | M47: 1478.2.1 | N47: 明朝成化十四年 | O47: 戊戌年二月初一 | P47: 狗 | Q47: 1523.7.15 | R47: 明朝嘉靖二年 | S47: 癸未年七月十五 | T47: M002039W01 | U47: 旷氏 | AA47: 字岁华。生成化戊戌（1478年）二月初一日。殁嘉靖未（1523年）七月十五日。葬分水垇月形。配旷氏，生成化庚子（1480年）六月十八日，殁嘉靖乙酉（1525年）十二月二十四日，葬人形。子一：国正。
A48: M002040 | B48: 冬峒 | C48: 男 | D48: 20 | E48: 明儒堂 | F48: M002037 | G48: 闵溪 | H48: =INDEX([1]妻子表!$A:$A,MATCH(F48,[1]妻子表!$B:$B,0)) -> M002037W01 | I48: =VLOOKUP(H48,[1]妻子表!$A:$D,4,0) -> 李氏 | J48: 高洲 | K48: 分水垇月形 | L48: 46 | M48: 1480.8.2 | N48: 明朝成化十六年 | O48: 庚子年八月初二 | P48: 鼠 | Q48: 1526.10.12 | R48: 明朝嘉靖五年 | S48: 丙戌年十月十二 | T48: M002040W01 | U48: 王氏 | AA48: 字梅占。生成化庚子（1480年）八月初二日。殁嘉靖丙戌（1526年）十月十二日。葬分水垇月形。配王氏，生天顺壬午（1462年）三月十三日，殁成化辛丑（1481年）十二月十五日，葬人形上排左边。子一：一正。
A49: M002041 | B49: 国正 | C49: 男 | D49: 21 | E49: 明儒堂 | F49: M002039 | G49: 春峒 | H49: =INDEX([1]妻子表!$A:$A,MATCH(F49,[1]妻子表!$B:$B,0)) -> M002039W01 | I49: =VLOOKUP(H49,[1]妻子表!$A:$D,4,0) -> 旷氏 | J49: 高洲 | K49: 人形下手虎形 | L49: 75 | M49: 1494.11.24 | N49: 明朝弘治七年 | O49: 甲寅年十一月廿四 | P49: 虎 | Q49: 1569.1.18 | R49: 明朝隆庆三年 | S49: 己巳年元月十八 | T49: M002041W01 | U49: 颜氏 | AA49: 字德泰，春峒公子。生宏治甲寅（1494年）十一月二十四日。殁隆庆己巳（1569年）正月十八日。配颜氏，生宏治乙卯（1495年）四月十八日，殁隆庆辛未（1571年）十二月初八，葬人形下手虎形。子一：才奕。
A50: M002042 | B50: 一正 | C50: 男 | D50: 21 | E50: 明儒堂 | F50: M002040 | G50: 冬峒 | H50: =INDEX([1]妻子表!$A:$A,MATCH(F50,[1]妻子表!$B:$B,0)) -> M002040W01 | I50: =VLOOKUP(H50,[1]妻子表!$A:$D,4,0) -> 王氏 | J50: 高洲 | K50: 人形右边 | L50: 42 | M50: 1497.7.14 | N50: 明朝弘治十年 | O50: 丁巳年七月十四 | P50: 蛇 | Q50: 1539.6.6 | R50: 明朝嘉靖十八年 | S50: 己亥年六月初六 | T50: M002042W01 | U50: 会氏 | AA50: 字郡泰，冬峒公子。生宏治丁巳（1497年）七月十四日。殁嘉靖己未（1559年）六月初六，葬人形右边。配会氏，生宏治庚申（1500年）十二月二十日，殁嘉靖乙丑（1565年）十一月十一日，葬人形第三牌。子二：才福、才庆。
A51: M000043 | B51: 才奕 | C51: 男 | D51: 22 | E51: 明儒堂 | F51: M000041 | G51: 国正 | H51: =INDEX([1]妻子表!$A:$A,MATCH(F51,[1]妻子表!$B:$B,0)) -> M000041W01 | I51: =VLOOKUP(H51,[1]妻子表!$A:$D,4,0) -> 谢氏 | J51: 高洲 | K51: 人形中排右边 | L51: 84 | M51: 1509.8.5 | N51: 明朝正德四年 | O51: 己巳年八月初五 | P51: 蛇 | Q51: 1593.11.25 | R51: 明朝万历二十一年 | S51: 癸巳年十一月廿五 | T51: M000043W01 | U51: 贺氏 | AA51: 字声扬。生正德己巳（1509年）八月初五。殁万历癸巳（1593年）十一月二十五日。配贺氏，生正德癸酉（1513年）十一月二十日，殁万历辛丑（1601年）正月初八，葬人形中排右边。子四：元亨、元足、味保、以煌。
A52: M000044 | B52: 才福 | C52: 男 | D52: 22 | E52: 明儒堂 | F52: M000042 | G52: 一正 | H52: =INDEX([1]妻子表!$A:$A,MATCH(F52,[1]妻子表!$B:$B,0)) -> M000042W01 | I52: =VLOOKUP(H52,[1]妻子表!$A:$D,4,0) -> 彭氏 | J52: 高洲 | K52: 人形中排 | L52: 54 | M52: 1511.4.2 | N52: 明朝正德六年 | O52: 辛未年四月初二 | P52: 羊 | Q52: 1565.11.11 | R52: 明朝嘉靖四十四年 | S52: 乙丑年十一月十一 | T52: M000044W01 | U52: 刘氏 | AA52: 字锡我。生正德辛未（1511年）四月初二日。殁嘉靖乙丑（1529年）十一月十一日。配刘氏，生正德壬申（1512年）九月初九日，殁嘉靖丙寅（1566年）正月初二日，葬于人形中排。子一：守诚。
A53: M000045 | B53: 才庆 | C53: 男 | D53: 22 | E53: 明儒堂 | F53: M000042 | G53: 一正 | H53: =INDEX([1]妻子表!$A:$A,MATCH(F53,[1]妻子表!$B:$B,0)) -> M000042W01 | I53: =VLOOKUP(H53,[1]妻子表!$A:$D,4,0) -> 彭氏 | J53: 高洲 | K53: 车头屋右鱼形 | L53: 58 | M53: 1513.4.5 | N53: 明朝正德八年 | O53: 癸酉年四月初五 | P53: 鸡 | Q53: 1571.2.16 | R53: 明朝隆庆五年 | S53: 辛未年二月十六 | T53: M000045W01 | U53: 刘氏 | AA53: 字怀可。生正德癸酉（1513年）四月初五日。殁隆庆辛未（1571年）二月十六日。配刘氏，生正德丙子（1516年）七月初七日，殁隆庆庚午（1570年）十一月初一日，同葬车头屋右鱼形。子二：以能、以载。
A54: M000046 | B54: 元亨 | C54: 男 | D54: 23 | E54: 明儒堂 | F54: M000043 | G54: 才奕 | H54: =INDEX([1]妻子表!$A:$A,MATCH(F54,[1]妻子表!$B:$B,0)) -> M000043W01 | I54: =VLOOKUP(H54,[1]妻子表!$A:$D,4,0) -> 贺氏 | J54: 高洲 | T54: M000046W01 | U54: 左氏 | AA54: 字会轩。配左氏。
A55: M000047 | B55: 元足 | C55: 男 | D55: 23 | E55: 明儒堂 | F55: M000043 | G55: 才奕 | H55: =INDEX([1]妻子表!$A:$A,MATCH(F55,[1]妻子表!$B:$B,0)) -> M000043W01 | I55: =VLOOKUP(H55,[1]妻子表!$A:$D,4,0) -> 贺氏 | J55: 高洲 | T55: M000047W01 | U55: 甘氏 | AA55: 设教长沙。配甘氏。
A56: M000048 | B56: 味保 | C56: 男 | D56: 23 | E56: 明儒堂 | F56: M000043 | G56: 才奕 | H56: =INDEX([1]妻子表!$A:$A,MATCH(F56,[1]妻子表!$B:$B,0)) -> M000043W01 | I56: =VLOOKUP(H56,[1]妻子表!$A:$D,4,0) -> 贺氏 | J56: 高洲 | AA56: 无记载。
A57: M000049 | B57: 以煌 | C57: 男 | D57: 23 | E57: 明儒堂 | F57: M000043 | G57: 才奕 | H57: =INDEX([1]妻子表!$A:$A,MATCH(F57,[1]妻子表!$B:$B,0)) -> M000043W01 | I57: =VLOOKUP(H57,[1]妻子表!$A:$D,4,0) -> 贺氏 | J57: 高洲 | K57: 人形 | L57: 44 | M57: 1532.2.19 | N57: 明朝嘉靖十一年 | O57: 壬辰年二月十九 | P57: 龙 | Q57: 1576.9.4 | R57: 明朝万历四年 | S57: 丙子年九月初四 | T57: M000049W01 | U57: 李氏 | AA57: 字怀禄。生嘉靖壬辰（1532年）二月十九日。殁万历丙子（1576年）九月初四日，葬人形。配李氏，生嘉靖丙申（1536年）三月二十四日，殁万历丁亥（1587年）九月二十五日，葬分水垇月形。子二：思明、思顺。
A58: M000050 | B58: 守诚 | C58: 男 | D58: 23 | E58: 明儒堂 | F58: M000044 | G58: 才福 | H58: =INDEX([1]妻子表!$A:$A,MATCH(F58,[1]妻子表!$B:$B,0)) -> M000044W01 | I58: =VLOOKUP(H58,[1]妻子表!$A:$D,4,0) -> 刘氏 | J58: 高洲 | K58: 人形中牌 | L58: 64 | M58: 1555.12.2 | N58: 明朝嘉靖三十四年 | O58: 乙卯年十二月初二 | P58: 兔 | Q58: 1619.7.5 | R58: 明朝万历四十七年 | S58: 己未年七月初五 | T58: M000050W01,M000050W02 | U58: 郭方郭氏 | AA58: 字西墀，博学宏才。生嘉靖乙卯（1555年）十二月初二日。殁万历己未（1619年）七月初五日，葬人形中牌。配郭方郭氏，生嘉靖乙丑（1565年）九月初七日，殁万历庚申（1620年）二月初二日，葬人形三牌。子四：孔义、孔礼、孔信、孔传。
A59: M000051 | B59: 以能 | C59: 男 | D59: 23 | E59: 明儒堂 | F59: M000045 | G59: 才庆 | H59: =INDEX([1]妻子表!$A:$A,MATCH(F59,[1]妻子表!$B:$B,0)) -> M000045W01 | I59: =VLOOKUP(H59,[1]妻子表!$A:$D,4,0) -> 刘氏 | J59: 高洲 | K59: 人形中牌 | L59: 62 | M59: 1525.1.15 | N59: 明朝嘉靖四年 | O59: 乙酉年元月十五 | P59: 鸡 | Q59: 1587.5.3 | R59: 明朝万历十五年 | S59: 丁亥年五月初三 | T59: M000051W01 | U59: 彭氏 | AA59: 字绍江。生嘉靖乙酉年正月十五日（1525年）。殁万历丁亥（1587年）五月初三日。配彭氏，生嘉靖丁亥（1527年）十二月十八日，殁万历丙申（1596年）十一月初四日，葬人形中牌。子二：孔仁、孔智。
A60: M000052 | B60: 以载 | C60: 男 | D60: 23 | E60: 明儒堂 | F60: M000045 | G60: 才庆 | H60: =INDEX([1]妻子表!$A:$A,MATCH(F60,[1]妻子表!$B:$B,0)) -> M000045W01 | I60: =VLOOKUP(H60,[1]妻子表!$A:$D,4,0) -> 刘氏 | J60: 高洲 | T60: M000052W01 | U60: 王氏 | AA60: 字星照。配王氏。子二：孔贵、孔荣。
A61: M000053 | B61: 思明 | C61: 男 | D61: 24 | E61: 明儒堂 | F61: M000049 | G61: 以煌 | H61: =INDEX([1]妻子表!$A:$A,MATCH(F61,[1]妻子表!$B:$B,0)) -> M000049W01 | I61: =VLOOKUP(H61,[1]妻子表!$A:$D,4,0) -> 李氏 | J61: 高洲 | K61: 形右边 | AA61: 殁葬形右边。
A62: M000054 | B62: 思顺 | C62: 男 | D62: 24 | E62: 明儒堂 | F62: M000049 | G62: 以煌 | H62: =INDEX([1]妻子表!$A:$A,MATCH(F62,[1]妻子表!$B:$B,0)) -> M000049W01 | I62: =VLOOKUP(H62,[1]妻子表!$A:$D,4,0) -> 李氏 | J62: 高洲 | K62: 人形 | AA62: 殁葬人形。
A63: M000055 | B63: 孔义 | C63: 男 | D63: 24 | E63: 明儒堂 | F63: M000050 | G63: 守诚 | H63: =INDEX([1]妻子表!$A:$A,MATCH(F63,[1]妻子表!$B:$B,0)) -> M000050W01 | I63: =VLOOKUP(H63,[1]妻子表!$A:$D,4,0) -> 郭氏 | J63: 高洲 | K63: 车头蠏形中牌 | L63: 41 | M63: 1582.12.28 | N63: 明朝万历十年 | O63: 壬午年十二月廿八 | P63: 马 | Q63: 1623.2.1 | R63: 明朝天启三年 | S63: 癸亥年二月初一 | T63: M000055W01 | U63: 刘氏 | AA63: 字少迟。生万历壬午（1582年）十二月二十八日。殁天启癸亥（1623年）二月初一日。配刘氏，生万历（1584年）甲申年四月初四日，殁天启丙寅（1626年）二月十八日，葬车头蠏形中牌。子二：启镇、启杯。
A64: M000056 | B64: 孔礼 | C64: 男 | D64: 24 | E64: 明儒堂 | F64: M000050 | G64: 守诚 | H64: =INDEX([1]妻子表!$A:$A,MATCH(F64,[1]妻子表!$B:$B,0)) -> M000050W01 | I64: =VLOOKUP(H64,[1]妻子表!$A:$D,4,0) -> 郭氏 | J64: 高洲 | K64: 人形右边 | L64: 70 | M64: 1602.1.20 | N64: 明朝万历三十年 | O64: 壬寅年元月二十 | P64: 虎 | Q64: 1672.9.7 | R64: 清朝康熙十一年 | S64: 壬子年九月初七 | T64: M000056W01 | U64: 刘氏 | AA64: 字海所。生万历壬寅（1602年）正月二十日。殁康熙壬子（1672年）九月初七日，葬人形右边。配刘氏，生万历乙亥（1575年）十月十一日，殁康熙甲子（1684年）八月初二日，葬人形上牌。子四：启钥、启铣、启东、启渠。
A65: M000057 | B65: 孔信 | C65: 男 | D65: 24 | E65: 明儒堂 | F65: M000050 | G65: 守诚 | H65: =INDEX([1]妻子表!$A:$A,MATCH(F65,[1]妻子表!$B:$B,0)) -> M000050W01 | I65: =VLOOKUP(H65,[1]妻子表!$A:$D,4,0) -> 郭氏 | J65: 高洲 | K65: 人形左边 | T65: M000057W01 | U65: 孟氏 | AA65: 字南松。葬人形左边。配孟氏，葬车头蟹形。子三：启铉、启罐、启锦。
A66: M000058 | B66: 孔传 | C66: 男 | D66: 24 | E66: 明儒堂 | F66: M000050 | G66: 守诚 | H66: =INDEX([1]妻子表!$A:$A,MATCH(F66,[1]妻子表!$B:$B,0)) -> M000050W01 | I66: =VLOOKUP(H66,[1]妻子表!$A:$D,4,0) -> 郭氏 | J66: 高洲 | K66: 人形第三排右边 | L66: 78 | M66: 1606.1.25 | N66: 明朝万历三十四年 | O66: 丙午年元月廿五 | P66: 马 | Q66: 1684.7.19 | R66: 清朝康熙二十三年 | S66: 甲子年七月十九 | T66: M000058W01 | U66: 刘氏 | AA66: 字华阳。生万历丙午（1606年）正月二十五日。殁康熙甲子（1684年）七月十九日，葬水南屋后人形第三牌右边。配本里鳌头刘氏，生万历乙巳（1605年）二月初二日，殁康熙乙亥（1695年）正月十八日，合葬人形第三排右边。子六：启栋、启梁、启松、启柏、启梅、启桂。
A67: M000059 | B67: 孔仁 | C67: 男 | D67: 24 | E67: 明儒堂 | F67: M000051 | G67: 以能 | H67: =INDEX([1]妻子表!$A:$A,MATCH(F67,[1]妻子表!$B:$B,0)) -> M000051W01 | I67: =VLOOKUP(H67,[1]妻子表!$A:$D,4,0) -> 彭氏 | J67: 高洲 | K67: 人形 | L67: 88 | M67: 1546.7.10 | N67: 明朝嘉靖二十五年 | O67: 丙午年七月初十 | P67: 马 | Q67: 1634.9.25 | R67: 明朝崇祯七年 | S67: 甲戌年九月廿五 | T67: M000059W01,M000059W02 | U67: 萧氏、刘氏 | AA67: 字既刚。生嘉靖丙午（1546年）七月初十日。殁崇祯甲戌（1634年）闰八月二十五日，葬人形。配萧氏，生：启镜。继配刘氏，生：启鉴。子二：启镜、启鉴。
A68: M000060 | B68: 孔智 | C68: 男 | D68: 24 | E68: 明儒堂 | F68: M000051 | G68: 以能 | H68: =INDEX([1]妻子表!$A:$A,MATCH(F68,[1]妻子表!$B:$B,0)) -> M000051W01 | I68: =VLOOKUP(H68,[1]妻子表!$A:$D,4,0) -> 彭氏 | J68: 高洲 | T68: M000060W01 | U68: 彭氏 | AA68: 字均可。配彭氏，徙居永新县十二都。
A69: M000061 | B69: 孔贵 | C69: 男 | D69: 24 | E69: 明儒堂 | F69: M000052 | G69: 以载 | H69: =INDEX([1]妻子表!$A:$A,MATCH(F69,[1]妻子表!$B:$B,0)) -> M000052W01 | I69: =VLOOKUP(H69,[1]妻子表!$A:$D,4,0) -> 王氏 | J69: 高洲 | K69: 板櫈形左边 | L69: 66 | M69: 1611.3.17 | N69: 明朝万历三十九年 | O69: 辛亥年三月十七 | P69: 猪 | Q69: 1677.4.11 | R69: 清朝康熙十六年 | S69: 丁巳年四月十一 | T69: M000061W01 | U69: 彭氏 | AA69: 字密宇。生万历辛亥（1611年）三月十七日。殁康熙丁巳（1677年）四月十一日。配彭氏，生万历壬子（1612年）十月二十日，殁康熙乙丑（1685年）正月十五日，同葬板櫈形左边。
A70: M000062 | B70: 孔荣 | C70: 男 | D70: 24 | E70: 明儒堂 | F70: M000052 | G70: 以载 | H70: =INDEX([1]妻子表!$A:$A,MATCH(F70,[1]妻子表!$B:$B,0)) -> M000052W01 | I70: =VLOOKUP(H70,[1]妻子表!$A:$D,4,0) -> 王氏 | J70: 高洲 | T70: M000062W01 | U70: 萧氏 | AA70: 字隆宇。配萧氏，徙居永新县十二都。
A71: M000063 | B71: 启镇 | C71: 男 | D71: 25 | E71: 明儒堂 | F71: M000055 | G71: 孔义 | H71: =INDEX([1]妻子表!$A:$A,MATCH(F71,[1]妻子表!$B:$B,0)) -> M000055W01 | I71: =VLOOKUP(H71,[1]妻子表!$A:$D,4,0) -> 刘氏 | J71: 高洲 | K71: 人形中排 | L71: 84 | M71: 1605.11.27 | N71: 明朝万历三十三年 | O71: 乙巳年十一月廿七 | P71: 蛇 | Q71: 1689.7.11 | R71: 清朝康熙二十八年 | S71: 己巳年七月十一 | T71: M000063W01,M000063W02 | U71: 刘氏_x000D_ 萧氏 | AA71: 字才斗。生万历乙巳（1605年）十一月二十七日。殁康熙己巳（1665年）七月十一日，葬人形中排。配刘氏，生万历丁未（1607年）六月初六日，殁康熙壬子（1672年）十月初十日，葬于炉山，下蟹中穴继。配萧氏。子四：兔保、湑保、霁保、哲保。
A72: M000064 | B72: 启杯 | C72: 男 | D72: 25 | E72: 明儒堂 | F72: M000055 | G72: 孔义 | H72: =INDEX([1]妻子表!$A:$A,MATCH(F72,[1]妻子表!$B:$B,0)) -> M000055W01 | I72: =VLOOKUP(H72,[1]妻子表!$A:$D,4,0) -> 刘氏 | J72: 高洲 | K72: 板櫈形右边 | L72: 71 | M72: 1627.6.4 | N72: 清朝天聪元年 | O72: 丁卯年六月初四 | P72: 兔 | Q72: 1698.7.10 | R72: 清朝康熙三十七年 | S72: 戊寅年七月初十 | T72: M000064W01 | U72: 王氏 | AA72: 字秀斗。生天启丁卯（1627年）六月初四日。殁康熙戊寅（1698年）七月初十日。配王氏，生天启庚午（1630年）九月二十二日，殁康熙甲申（1704年）二月十八日，葬板櫈形右边。子二：雪保、玉保。
A73: M000065 | B73: 启钥 | C73: 男 | D73: 25 | E73: 明儒堂 | F73: M000056 | G73: 孔礼 | H73: =INDEX([1]妻子表!$A:$A,MATCH(F73,[1]妻子表!$B:$B,0)) -> M000056W01 | I73: =VLOOKUP(H73,[1]妻子表!$A:$D,4,0) -> 刘氏 | J73: 高洲 | K73: 高田蟹形 | T73: M000065W01 | U73: 刘氏 | AA73: 字秀明。葬高田蟹形。配刘氏，生天启丙寅（1626年）七月十三日，殁康熙庚申（1680年）九月十五日，葬嘉溪寸皆龙形。子四：涵瑞、涵玩、涵珂、涵瑗。
A74: M000066 | B74: 启铣 | C74: 男 | D74: 25 | E74: 明儒堂 | F74: M000056 | G74: 孔礼 | H74: =INDEX([1]妻子表!$A:$A,MATCH(F74,[1]妻子表!$B:$B,0)) -> M000056W01 | I74: =VLOOKUP(H74,[1]妻子表!$A:$D,4,0) -> 刘氏 | J74: 高洲 | K74: 板櫈形右边 | L74: 46 | M74: 1631.6.21 | N74: 明朝崇祯四年 | O74: 辛未年六月廿一 | P74: 羊 | Q74: 1677.4.13 | R74: 清朝康熙十六年 | S74: 丁巳年四月十三 | T74: M000066W01 | U74: 高氏 | AA74: 字玉明。生崇祯辛未（1631年）六月二十一日。殁康熙丁巳（1677年）四月十三日，葬板櫈形右边坤山艮向。配高氏。子四：涵瑜、涵珍、涵瑶、涵瑛。
A75: M000067 | B75: 启东 | C75: 男 | D75: 25 | E75: 明儒堂 | F75: M000056 | G75: 孔礼 | H75: =INDEX([1]妻子表!$A:$A,MATCH(F75,[1]妻子表!$B:$B,0)) -> M000056W01 | I75: =VLOOKUP(H75,[1]妻子表!$A:$D,4,0) -> 刘氏 | J75: 高洲 | K75: 人形 | T75: M000067W01 | U75: 王氏 | AA75: 字扬明。配王氏，同葬人形。子四：涵珥、涵璋、涵珪、溪安。
A76: M000068 | B76: 启渠 | C76: 男 | D76: 25 | E76: 明儒堂 | F76: M000056 | G76: 孔礼 | H76: =INDEX([1]妻子表!$A:$A,MATCH(F76,[1]妻子表!$B:$B,0)) -> M000056W01 | I76: =VLOOKUP(H76,[1]妻子表!$A:$D,4,0) -> 刘氏 | J76: 高洲 | AA76: 字无垢。
A77: M000069 | B77: 启铉 | C77: 男 | D77: 25 | E77: 明儒堂 | F77: M000057 | G77: 孔信 | H77: =INDEX([1]妻子表!$A:$A,MATCH(F77,[1]妻子表!$B:$B,0)) -> M000057W01 | I77: =VLOOKUP(H77,[1]妻子表!$A:$D,4,0) -> 孟氏 | J77: 高洲 | T77: M000069W01 | U77: 郭氏 | AA77: 字秀我。配郭氏。子四：元珠、宝珠、金珠、玉珠。
A78: M000070 | B78: 启罐 | C78: 男 | D78: 25 | E78: 明儒堂 | F78: M000057 | G78: 孔信 | H78: =INDEX([1]妻子表!$A:$A,MATCH(F78,[1]妻子表!$B:$B,0)) -> M000057W01 | I78: =VLOOKUP(H78,[1]妻子表!$A:$D,4,0) -> 孟氏 | J78: 高洲 | K78: 板櫈形右边 | L78: 66 | M78: 1627.9.29 | N78: 清朝天聪元年 | O78: 丁卯年九月廿九 | P78: 兔 | Q78: 1693.3.19 | R78: 清朝康熙三十二年 | S78: 癸酉年三月十九 | T78: M000070W01 | U78: 孟氏 | AA78: 字秀和。生天启丁卯（1627年）九月二十九日。殁康熙癸酉（1693年）三月十九日，葬板櫈形右边。配孟氏，生天启五月二十五日，殁康熙甲戌（1694年）九月十三日，葬蟹形丁山癸向。子一：琼保。
A79: M000071 | B79: 启锦 | C79: 男 | D79: 25 | E79: 明儒堂 | F79: M000057 | G79: 孔信 | H79: =INDEX([1]妻子表!$A:$A,MATCH(F79,[1]妻子表!$B:$B,0)) -> M000057W01 | I79: =VLOOKUP(H79,[1]妻子表!$A:$D,4,0) -> 孟氏 | J79: 高洲 | K79: 车头蟹形 | L79: 44 | M79: 1629.11.4 | N79: 明朝崇祯二年 | O79: 己巳年十一月初四 | P79: 蛇 | Q79: 1673.12.24 | R79: 清朝康熙十二年 | S79: 癸丑年十二月廿四 | T79: M000071W01 | U79: 彭氏 | AA79: 字秀毓。生崇祯己巳（1629年）十一月初四日。殁康熙癸丑（1673年）十二月二十四日。配彭氏，生康熙辛未（1691年）九月初四日，殁乾隆甲申（1764年）八月二十四日，共葬车头蟹形。子二：如富、如贵。
A80: M000072 | B80: 启栋 | C80: 男 | D80: 25 | E80: 明儒堂 | F80: M000058 | G80: 孔传 | H80: =INDEX([1]妻子表!$A:$A,MATCH(F80,[1]妻子表!$B:$B,0)) -> M000058W01 | I80: =VLOOKUP(H80,[1]妻子表!$A:$D,4,0) -> 刘氏 | J80: 高洲 | K80: 板背蜈蚣形下牌 | L80: 61 | M80: 1624.11.1 | N80: 明朝天启四年 | O80: 甲子年十一月初一 | P80: 鼠 | Q80: 1685.1.15 | R80: 清朝康熙二十四年 | S80: 乙丑年元月十五 | T80: M000072W01 | U80: 王氏 | AA80: 字秀玉，生平好善乐施。生天启甲子（1624年）十一月初一日。殁康熙乙丑（1685年）正月十五日，葬板背蜈蚣形下牌。配洋门王氏。子二：涵芸、涵苓。
A81: M000073 | B81: 启梁 | C81: 男 | D81: 25 | E81: 明儒堂 | F81: M000058 | G81: 孔传 | H81: =INDEX([1]妻子表!$A:$A,MATCH(F81,[1]妻子表!$B:$B,0)) -> M000058W01 | I81: =VLOOKUP(H81,[1]妻子表!$A:$D,4,0) -> 刘氏 | J81: 高洲 | K81: 板櫈形山向 | L81: 52 | M81: 1628.8.7 | N81: 明朝崇祯元年 | O81: 戊辰年八月初七 | P81: 龙 | Q81: 1680.2.17 | R81: 清朝康熙十九年 | S81: 庚申年二月十七 | T81: M000073W01 | U81: 刘氏 | AA81: 字秀洋。生崇祯戊辰（1628年）八月初七日。殁康熙庚申（1680年）二月十七日，葬板櫈形山向。配刘氏，生崇祯戊辰（1628年）七月十八日，殁康熙乙酉（1705年）三月初三日，葬门首高田龙形。子四：国俊、国佐、国傅、国傧。
A82: M000074 | B82: 启松 | C82: 男 | D82: 25 | E82: 明儒堂 | F82: M000058 | G82: 孔传 | H82: =INDEX([1]妻子表!$A:$A,MATCH(F82,[1]妻子表!$B:$B,0)) -> M000058W01 | I82: =VLOOKUP(H82,[1]妻子表!$A:$D,4,0) -> 刘氏 | J82: 高洲 | K82: 上城田边重兴院后王背莹龙现抓形干山巽向 | L82: 69 | M82: 1632.1.21 | N82: 明朝崇祯五年 | O82: 壬申年元月廿一 | P82: 猴 | Q82: 1701.1.26 | R82: 清朝康熙四十年 | S82: 辛巳年元月廿六 | T82: M000074W01 | U82: 谭氏 | AA82: 字玉声。生崇祯壬申（1632年）正月二十一日。殁康熙辛巳（1701年）正月二十六日，葬上城田边重兴院后王背莹龙现抓形干山巽向。配厚村谭氏，生崇祯己卯（1639年）二月十六日，安邑县尹龙泉干赠六旬扁额寿，乃德征殁康熙庚子（1720年）二月初三日，葬上城田边重兴院后黄龙现爪形。子二：源泾、源渭。
A83: M000075 | B83: 启柏 | C83: 男 | D83: 25 | E83: 明儒堂 | F83: M000058 | G83: 孔传 | H83: =INDEX([1]妻子表!$A:$A,MATCH(F83,[1]妻子表!$B:$B,0)) -> M000058W01 | I83: =VLOOKUP(H83,[1]妻子表!$A:$D,4,0) -> 刘氏 | J83: 高洲 | K83: 人形 | T83: M000075W01 | U83: 刘氏 | AA83: 字英生。配刘氏，同葬人形。子一：涵清。
A84: M000076 | B84: 启梅 | C84: 男 | D84: 25 | E84: 明儒堂 | F84: M000058 | G84: 孔传 | H84: =INDEX([1]妻子表!$A:$A,MATCH(F84,[1]妻子表!$B:$B,0)) -> M000058W01 | I84: =VLOOKUP(H84,[1]妻子表!$A:$D,4,0) -> 刘氏 | J84: 高洲 | K84: 板背蜈蚣形 | L84: 63 | M84: 1643.8.23 | N84: 清朝崇德八年 | O84: 癸未年八月廿三 | P84: 羊 | Q84: 1706.10.23 | R84: 清朝康熙四十五年 | S84: 丙戌年十月廿三 | T84: M000076W01 | U84: 萧氏 | AA84: 字若白，博通经史，兼攻医学。生崇祯癸未（1643年）八月二十三日。殁康熙丙戌（1706年）十月二十三日，葬板背蜈蚣形。配萧氏，生顺治丙戌（1646年）十二月初一日，殁雍正己酉（1729年）六月二十三日，葬上城山背月形。子六：嘉让、嘉谋、嘉谌、嘉认、嘉诲、补衮。
A85: M000077 | B85: 启桂 | C85: 男 | D85: 25 | E85: 明儒堂 | F85: M000058 | G85: 孔传 | H85: =INDEX([1]妻子表!$A:$A,MATCH(F85,[1]妻子表!$B:$B,0)) -> M000058W01 | I85: =VLOOKUP(H85,[1]妻子表!$A:$D,4,0) -> 刘氏 | J85: 高洲 | K85: 沈源蒙塘虎形 | L85: 43 | M85: 1646.10.13 | N85: 清朝顺治三年 | O85: 丙戌年十月十三 | P85: 狗 | Q85: 1689.1.13 | R85: 清朝康熙二十八年 | S85: 己巳年元月十三 | T85: M000077W01 | U85: 唐氏 | AA85: 字应拔。生顺治丙戌（1646年）十月十三日。殁康熙己丑（1709年）正月十三日，葬沈源蒙塘虎形。配唐氏，生顺治乙酉（1645年）闰六月二十五日，殁康熙壬午（1702年）四月十六日，葬人形下排右边。子三：愈珠、国志、任珠。
A86: M000078 | B86: 启镜 | C86: 男 | D86: 25 | E86: 明儒堂 | F86: M000059 | G86: 孔仁 | H86: =INDEX([1]妻子表!$A:$A,MATCH(F86,[1]妻子表!$B:$B,0)) -> M000059W01 | I86: =VLOOKUP(H86,[1]妻子表!$A:$D,4,0) -> 萧氏 | J86: 高洲 | K86: 车头蟹形 | L86: 75 | M86: 1629.11.20 | N86: 明朝崇祯二年 | O86: 己巳年十一月二十 | P86: 蛇 | Q86: 1704.12.24 | R86: 清朝康熙四十三年 | S86: 甲申年十二月廿四 | T86: M000078W01 | U86: 刘氏 | AA86: 字秀迟。生崇祯己巳（1629年）十一月二十日。殁康熙甲申（1704年）十二月二十四日，葬车头蟹形。配刘氏，生崇祯辛未（1631年）九月初四日，殁康熙甲申（1704年）八月二十四日。
A87: M000079 | B87: 启鉴 | C87: 男 | D87: 25 | E87: 明儒堂 | F87: M000059 | G87: 孔仁 | H87: =INDEX([1]妻子表!$A:$A,MATCH(F87,[1]妻子表!$B:$B,0)) -> M000059W01 | I87: =VLOOKUP(H87,[1]妻子表!$A:$D,4,0) -> 萧氏 | J87: 高洲 | T87: M000079W01 | U87: 刘氏 | AA87: 字秀方。配刘氏。
A88: M000080 | B88: 兔保 | C88: 男 | D88: 26 | E88: 明儒堂 | F88: M000063 | G88: 启镇 | H88: =INDEX([1]妻子表!$A:$A,MATCH(F88,[1]妻子表!$B:$B,0)) -> M000063W01 | I88: =VLOOKUP(H88,[1]妻子表!$A:$D,4,0) -> 刘氏 | J88: 高洲 | AA88: 字文选，徙居周源。
A89: M000081 | B89: 湑保 | C89: 男 | D89: 26 | E89: 明儒堂 | F89: M000063 | G89: 启镇 | H89: =INDEX([1]妻子表!$A:$A,MATCH(F89,[1]妻子表!$B:$B,0)) -> M000063W01 | I89: =VLOOKUP(H89,[1]妻子表!$A:$D,4,0) -> 刘氏 | J89: 高洲 | K89: 新源太坪 | L89: 68 | M89: 1663.9.30 | N89: 清朝康熙二年 | O89: 癸卯年九月三十 | P89: 兔 | Q89: 1731.9.1 | R89: 清朝雍正九年 | S89: 辛亥年九月初一 | T89: M000081W01 | U89: 刘氏 | AA89: 字翔偶。生康熙癸卯（1663年）九月三十日。殁雍正辛亥（1731年）九月一日，葬新源太坪。配刘氏。子一：攀桂。
A90: M000082 | B90: 霁保 | C90: 男 | D90: 26 | E90: 明儒堂 | F90: M000063 | G90: 启镇 | H90: =INDEX([1]妻子表!$A:$A,MATCH(F90,[1]妻子表!$B:$B,0)) -> M000063W01 | I90: =VLOOKUP(H90,[1]妻子表!$A:$D,4,0) -> 刘氏 | J90: 高洲 | T90: M000082W01 | U90: 某氏 | AA90: 字翔汉。配某氏。子：天志。
A91: M000083 | B91: 哲保 | C91: 男 | D91: 26 | E91: 明儒堂 | F91: M000063 | G91: 启镇 | H91: =INDEX([1]妻子表!$A:$A,MATCH(F91,[1]妻子表!$B:$B,0)) -> M000063W01 | I91: =VLOOKUP(H91,[1]妻子表!$A:$D,4,0) -> 刘氏 | J91: 高洲 | T91: M000083W01 | U91: 刘氏 | AA91: 字翔吉。配刘氏，生康熙丁巳（1677年）十月十三日。殁乾隆丙寅（1746年）九月十七日。子一：天相。
A92: M000084 | B92: 雪保 | C92: 男 | D92: 26 | E92: 明儒堂 | F92: M000064 | G92: 启杯 | H92: =INDEX([1]妻子表!$A:$A,MATCH(F92,[1]妻子表!$B:$B,0)) -> M000064W01 | I92: =VLOOKUP(H92,[1]妻子表!$A:$D,4,0) -> 王氏 | J92: 高洲 | K92: 车头蟹形上牌 | L92: 41 | M92: 1667.12.13 | N92: 清朝康熙六年 | O92: 丁未年十二月十三 | P92: 羊 | Q92: 1708.12.24 | R92: 清朝康熙四十七年 | S92: 戊子年十二月廿四 | T92: M000084W01 | U92: 陈氏 | AA92: 字协偕行名国颂。生康熙丁未（1667年）十二月十三日。殁康熙戊子（1708年）十二月二十四日，葬车头蟹形上牌。配陈氏。子三：景溪、景伦、景三。
A93: M000085 | B93: 玉保 | C93: 男 | D93: 26 | E93: 明儒堂 | F93: M000064 | G93: 启杯 | H93: =INDEX([1]妻子表!$A:$A,MATCH(F93,[1]妻子表!$B:$B,0)) -> M000064W01 | I93: =VLOOKUP(H93,[1]妻子表!$A:$D,4,0) -> 王氏 | J93: 高洲 | AA93: 无记载。
A94: M000086 | B94: 涵瑞 | C94: 男 | D94: 26 | E94: 明儒堂 | F94: M000065 | G94: 启钥 | H94: =INDEX([1]妻子表!$A:$A,MATCH(F94,[1]妻子表!$B:$B,0)) -> M000065W01 | I94: =VLOOKUP(H94,[1]妻子表!$A:$D,4,0) -> 刘氏 | J94: 高洲 | K94: 高田蟹形 | L94: 67 | M94: 1653.10.7 | N94: 清朝顺治十年 | O94: 癸巳年十月初七 | P94: 蛇 | Q94: 1720.3.17 | R94: 清朝康熙五十九年 | S94: 庚子年三月十七 | T94: M000086W01 | U94: 刘氏 | AA94: 字伟友。生顺治癸巳（1653年）十月七日。殁康熙庚子（1720年）三月十七日，葬高田蟹形。配刘氏，生顺治戊戌（1658年）九月初九日，葬加溪村背龟形。子三：光纲、光续、光络。
A95: M000087 | B95: 涵玩 | C95: 男 | D95: 26 | E95: 明儒堂 | F95: M000065 | G95: 启钥 | H95: =INDEX([1]妻子表!$A:$A,MATCH(F95,[1]妻子表!$B:$B,0)) -> M000065W01 | I95: =VLOOKUP(H95,[1]妻子表!$A:$D,4,0) -> 刘氏 | J95: 高洲 | AA95: 字璠偶，设教广西。
A96: M000088 | B96: 涵珂 | C96: 男 | D96: 26 | E96: 明儒堂 | F96: M000065 | G96: 启钥 | H96: =INDEX([1]妻子表!$A:$A,MATCH(F96,[1]妻子表!$B:$B,0)) -> M000065W01 | I96: =VLOOKUP(H96,[1]妻子表!$A:$D,4,0) -> 刘氏 | J96: 高洲 | K96: 对门岭虎形 | L96: 67 | M96: 1653.10.21 | N96: 清朝顺治十年 | O96: 癸巳年十月廿一 | P96: 蛇 | Q96: 1720.11.9 | R96: 清朝康熙五十九年 | S96: 庚子年十一月初九 | T96: M000088W01 | U96: 刘氏 | AA96: 字则远。生顺治癸巳（1653年）十月二十一日。殁康熙庚子（1720年）十一月初九日，葬对门岭虎形。配刘氏。子一：光弼。
A97: M000089 | B97: 涵瑗 | C97: 男 | D97: 26 | E97: 明儒堂 | F97: M000065 | G97: 启钥 | H97: =INDEX([1]妻子表!$A:$A,MATCH(F97,[1]妻子表!$B:$B,0)) -> M000065W01 | I97: =VLOOKUP(H97,[1]妻子表!$A:$D,4,0) -> 刘氏 | J97: 高洲 | T97: M000089W01 | U97: 刘氏 | AA97: 字连友。配刘氏，出商。
A98: M000090 | B98: 涵瑜 | C98: 男 | D98: 26 | E98: 明儒堂 | F98: M000066 | G98: 启铣 | H98: =INDEX([1]妻子表!$A:$A,MATCH(F98,[1]妻子表!$B:$B,0)) -> M000066W01 | I98: =VLOOKUP(H98,[1]妻子表!$A:$D,4,0) -> 高氏 | J98: 高洲 | K98: 水南板櫈形 | L98: 48 | M98: 1718.7.11 | N98: 清朝康熙五十七年 | O98: 戊戌年七月十一 | P98: 狗 | Q98: 1766.12.24 | R98: 清朝乾隆三十一年 | S98: 丙戌年十二月廿四 | T98: M000090W01 | U98: 陆氏 | AA98: 字德友。生康熙戊戌（1718年）七月十一日。殁干乾隆丙戌（1766年）十二月二十四日，葬水南板櫈形。配陆氏，生康熙戊申（1668年）九月二十五日，殁干乾隆己巳（1749年）六月初三日，葬高田蟹形。子二：光绳、光缉。
A99: M000091 | B99: 涵珍 | C99: 男 | D99: 26 | E99: 明儒堂 | F99: M000066 | G99: 启铣 | H99: =INDEX([1]妻子表!$A:$A,MATCH(F99,[1]妻子表!$B:$B,0)) -> M000066W01 | I99: =VLOOKUP(H99,[1]妻子表!$A:$D,4,0) -> 高氏 | J99: 高洲 | T99: M000091W01 | U99: 左氏 | AA99: 字贤渭。配左氏。子一：其康。
A100: M000092 | B100: 涵瑶 | C100: 男 | D100: 26 | E100: 明儒堂 | F100: M000066 | G100: 启铣 | H100: =INDEX([1]妻子表!$A:$A,MATCH(F100,[1]妻子表!$B:$B,0)) -> M000066W01 | I100: =VLOOKUP(H100,[1]妻子表!$A:$D,4,0) -> 高氏 | J100: 高洲 | T100: M000092W01 | U100: 左氏 | AA100: 字贯友。配左氏。子一：燕章。
...
